name,email,status
Kareem Waller,ullamcorper.eu.euismod@egetdictumplacerat.edu,1
Kennedy Hoffman,elit.Curabitur.sed@sedsapienNunc.net,1
Cyrus Ryan,dignissim@IntegermollisInteger.ca,1
Chadwick Richard,tristique.pellentesque.tellus@gravida.ca,1
Aladdin Myers,dictum@Proineget.co.uk,1
Tiger Farrell,in@interdumCurabitur.org,1
Brenden Blevins,sodales.nisi.magna@molestiein.com,1
Mark Lester,vitae.semper@pharetraNam.co.uk,1
Francis Mccall,Donec.est@sedestNunc.co.uk,1
Troy Dyer,enim@risusquis.ca,1
Abraham Blankenship,odio.a@dolor.ca,1
Hashim Pace,sem.egestas.blandit@volutpatnunc.net,1
Lucius Gould,eros.non@placerataugueSed.net,1
Kato Arnold,montes@eunibh.org,1
Ulric Evans,sed.dui@Inmipede.com,1
Geoffrey Moses,turpis.Aliquam.adipiscing@erat.com,1
Laith Carver,diam.Sed@ipsum.org,1
Honorato Anthony,aliquet@orciUt.com,1
Rogan Johns,nec@id.com,1
Griffith Gordon,amet@sitametornare.net,1
Wyatt Johnston,mauris@Proinsed.edu,1
Ivor Lopez,Aliquam.adipiscing@adlitora.edu,1
Oscar Sargent,elementum.at.egestas@sedsemegestas.com,1
Carl Gould,lectus.pede.ultrices@lobortismaurisSuspendisse.ca,1
Theodore Gill,egestas.Duis@lorem.co.uk,1
Alvin Heath,ut.eros@facilisismagnatellus.edu,1
Kyle Calhoun,metus@arcu.net,1
Sean Thornton,nunc@vel.co.uk,1
Zachery Page,nec.malesuada.ut@tristiquepharetraQuisque.org,1
Aaron Spence,arcu@Mauris.edu,1
Valentine Torres,orci@et.com,1
Graham Bullock,consectetuer@elit.edu,1
Cairo Jefferson,eget.dictum.placerat@sedtortor.edu,1
Cody Ewing,sed.sem.egestas@arcu.co.uk,1
Barry Fisher,id@adipiscingelitAliquam.edu,1
Brendan Bryant,non@fringilla.net,1
Dorian Savage,nisl.Nulla@tempuslorem.co.uk,1
John Hebert,tempor@lobortis.edu,1
William Mcclain,blandit@viverraDonec.com,1
Brennan Church,feugiat.Lorem.ipsum@vulputaterisusa.org,1
Austin Stevenson,vitae.erat.Vivamus@idnunc.org,1
Drew Brooks,Curae@metus.com,1
Daniel Phillips,rutrum.eu@idante.ca,1
Kenneth Frost,natoque@pellentesque.org,1
Marvin Tate,purus.Nullam.scelerisque@Integersemelit.com,1
Tate Mccarty,lorem.tristique@nisiAenean.ca,1
Byron Guy,lorem.semper@in.edu,1
Zachery Greer,feugiat.metus@dignissimpharetra.ca,1
Marvin Cardenas,luctus@ultriciesornareelit.co.uk,1
Malcolm Dodson,lorem@ante.edu,1
Erasmus Lynch,odio.Aliquam.vulputate@temporarcuVestibulum.co.uk,1
Gannon Mcgee,In.at@lorem.co.uk,1
Malcolm Evans,cursus@mi.net,1
Dexter Cantu,mollis.vitae.posuere@orci.net,1
Dane Ferguson,sit.amet@dolorFusce.net,1
Talon Gill,primis@semperduilectus.org,1
Macon Avery,libero.Proin@telluseu.co.uk,1
Colorado Bright,diam@duiin.edu,1
Xanthus Curtis,Vivamus.euismod@vel.ca,1
Declan Jarvis,euismod.urna.Nullam@egestasDuis.co.uk,1
Callum Frye,ipsum.nunc.id@odio.ca,1
Tad Wall,enim.commodo@semelit.ca,1
Christian West,eu.euismod@semsempererat.co.uk,1
Omar Rowland,Nunc.laoreet@tellusNunc.com,1
Ivan Jordan,libero@posuere.net,1
Wyatt Shaffer,commodo@lectusCum.ca,1
Cole Lester,commodo.tincidunt.nibh@Maurisnulla.co.uk,1
Cullen Burris,non@Quisqueornare.edu,1
Todd Herring,lorem@nuncnulla.edu,1
Jordan Medina,sodales@adlitora.org,1
Samson Larsen,turpis.Aliquam.adipiscing@mauris.edu,1
Dane Ayala,cursus.a.enim@vitaeerat.co.uk,1
Howard Santana,rutrum@dolor.edu,1
Alden Sims,consequat@ultrices.edu,1
Robert Small,malesuada.vel.venenatis@semPellentesqueut.ca,1
Dale Edwards,fringilla.euismod.enim@pharetraQuisqueac.org,1
Dexter Chen,risus@sedsemegestas.ca,1
Ezra Trujillo,dui.nec.tempus@hendrerita.com,1
Ali Hamilton,hendrerit@pharetrautpharetra.org,1
Byron Walls,interdum@Donec.org,1
Armand Jacobson,sagittis.Nullam@Pellentesqueutipsum.ca,1
Julian Callahan,eget@Quisqueporttitor.org,1
Sawyer Kirby,at.arcu.Vestibulum@duiCraspellentesque.net,1
Warren Guy,Mauris.quis.turpis@risusNullaeget.co.uk,1
Ross Coleman,Nulla.dignissim.Maecenas@malesuada.org,1
Jelani Avila,ornare.facilisis.eget@et.org,1
Oren Williamson,sem.vitae@risusodio.com,1
Drake Pearson,neque.In.ornare@libero.co.uk,1
Conan Hinton,ornare.elit@Pellentesque.org,1
Tyrone May,tortor.Nunc@mollis.ca,1
Oliver Mayo,odio.vel.est@euismod.org,1
Keith Clements,arcu@tempusrisus.com,1
Chandler Payne,id.sapien.Cras@tellussem.com,1
Arthur Herrera,tellus@nullaCraseu.net,1
Thor Jensen,sapien.Aenean@vitae.ca,1
Curran Moreno,Integer@nullamagna.com,1
Rajah Rios,metus.urna.convallis@ultricesposuerecubilia.net,1
James Glover,nec@adipiscingfringillaporttitor.co.uk,1
Hashim Little,neque@Morbi.edu,1
Kirk Suarez,risus@diamDuis.edu,1
Sebastian Riley,ipsum@faucibusMorbivehicula.edu,1
Kuame Blackwell,sit@dolor.edu,1
Jermaine Bauer,cursus.a@ipsum.edu,1
Gray Johns,a.arcu@nonfeugiatnec.ca,1
Herman Irwin,Donec.sollicitudin.adipiscing@Nuncquis.co.uk,1
Harding Cruz,porttitor.scelerisque.neque@fringillaestMauris.co.uk,1
Ferdinand Kent,non.arcu@nibh.edu,1
Driscoll Mooney,tellus@cursus.edu,1
Kermit Beasley,pede.Praesent.eu@Sed.ca,1
Samuel Frye,Vivamus@Aliquamultrices.edu,1
Kennedy Cole,Nam@gravidasagittisDuis.com,1
Clinton Dawson,eu.metus@conguea.net,1
Harding Curtis,ultricies@feugiat.net,1
Cole Carr,pharetra.sed@semNullainterdum.net,1
Brett Burks,augue@fringilla.org,1
Chase Kennedy,metus@egetmagna.org,1
Walker Delaney,dolor.egestas.rhoncus@Nullamfeugiat.ca,1
Xander Francis,Aliquam.ornare@bibendum.co.uk,1
Judah Brock,nulla@parturientmontes.net,1
Yasir Smith,et@scelerisquedui.edu,1
Tucker Barr,Maecenas@accumsanconvallisante.edu,1
Hakeem Obrien,porttitor@acarcu.net,1
Steel Humphrey,justo.faucibus@dictum.net,1
David Kent,vitae.odio.sagittis@malesuadaInteger.ca,1
Walter Juarez,arcu.imperdiet@nunc.net,1
Darius Rosa,ante@necmauris.net,1
Henry Key,eu.enim@egestas.org,1
Clarke Pace,scelerisque.dui.Suspendisse@vel.edu,1
Len Howe,aliquet@enimnislelementum.edu,1
Marsden Branch,vitae.mauris@urnaUt.ca,1
Nero Edwards,Duis@Praesenteu.net,1
Harper Snider,eu.dui@cursusaenim.net,1
Herrod Campbell,montes.nascetur.ridiculus@orcisemeget.com,1
Fritz Lowe,amet@dolor.ca,1
Jordan Hopkins,ad.litora@Vivamuseuismodurna.net,1
Craig Kemp,tristique@Proineget.co.uk,1
Jerome Day,tempor.est@magna.edu,1
Damian Harrington,volutpat.ornare.facilisis@Phasellusornare.ca,1
Duncan Scott,adipiscing.non@fringillapurus.net,1
Jonah Aguirre,laoreet.libero.et@dictumplacerataugue.co.uk,1
Carter Jones,non.dui@amet.ca,1
Kamal Fleming,Integer.in@Craseget.net,1
Jonas Matthews,fringilla.euismod@elita.org,1
Thane Ferrell,Donec@semut.co.uk,1
Nolan Dunn,consequat.nec@nisiAeneaneget.net,1
Lane Tucker,elit.Etiam@et.ca,1
Quinn Berry,eu.ultrices.sit@utquam.co.uk,1
Barry Hood,convallis.erat.eget@consectetueradipiscingelit.net,1
Edan Dennis,nisl@estmauris.com,1
Timothy Dixon,et.magnis.dis@pedeultrices.edu,1
Howard Mcintyre,a.neque.Nullam@faucibus.edu,1
Armando Hurst,arcu@natoque.ca,1
Louis Byrd,lobortis.mauris@purusNullamscelerisque.com,1
Ronan Mcdowell,eleifend@semeget.ca,1
Baxter Brady,tincidunt.congue@nibh.co.uk,1
Ishmael Craft,nunc.id@aauctornon.co.uk,1
Darius Robles,Nam@Vestibulum.edu,1
Tyrone Dean,rhoncus@velitPellentesqueultricies.com,1
Ulysses Weaver,tellus.sem@nec.edu,1
Caldwell Mason,leo@mollis.com,1
Galvin Mitchell,nisi.Aenean@Sedauctorodio.com,1
Rafael Alston,id@Proinegetodio.co.uk,1
Seth Bauer,dictum.magna.Ut@Proinnon.com,1
Samuel Carver,Duis.ac.arcu@Curabituregestasnunc.net,1
Buckminster Cox,posuere@enimMaurisquis.net,1
Nash Acevedo,vestibulum@mattisornarelectus.edu,1
Mark Hale,imperdiet@porttitorvulputateposuere.co.uk,1
Leroy Turner,non@Phasellus.ca,1
Avram Mcknight,tellus.eu@enimsit.edu,1
Patrick Gilmore,primis.in.faucibus@nibhlacinia.co.uk,1
Dante Watts,enim.nisl.elementum@purusaccumsaninterdum.net,1
Akeem Robbins,libero.lacus.varius@risusDonecegestas.co.uk,1
Flynn Morales,sollicitudin.a@turpisnec.com,1
Caleb Riggs,ipsum.Suspendisse.sagittis@Utsemperpretium.ca,1
Samson Morgan,ipsum.non.arcu@Phasellusfermentumconvallis.ca,1
Perry Fischer,mus.Donec@convallisconvallisdolor.ca,1
August Mitchell,ornare.elit@SedmolestieSed.ca,1
Mark Gates,Sed@porttitoreros.edu,1
Caesar Valentine,mattis.velit.justo@Inmi.co.uk,1
Salvador Mcdonald,iaculis.nec.eleifend@ultricies.edu,1
Driscoll Henry,Mauris.vel@sagittislobortis.org,1
Byron Kane,amet.ornare@ascelerisque.ca,1
Ferris Miranda,elit@venenatis.org,1
Amos Oneal,sed@dolor.com,1
Emerson Jensen,euismod.in.dolor@eu.net,1
Wade Dean,auctor.vitae.aliquet@maurissapiencursus.net,1
Leo Curtis,ipsum@risusat.org,1
Roth Walton,sagittis.semper.Nam@Etiamlaoreet.net,1
Carter Jacobson,sagittis.felis.Donec@Donecluctusaliquet.com,1
Flynn Trevino,lacus.Quisque@molestie.edu,1
Tiger Pennington,placerat.Cras@pretium.com,1
Aaron Santos,Duis@Nullam.ca,1
Ross Bonner,mattis@enim.org,1
Zeph Barnes,parturient.montes.nascetur@sollicitudina.ca,1
George Stephenson,tempus@tempus.com,1
Stephen Pena,nec.orci.Donec@egetipsum.com,1
Avram Weber,luctus.felis@rutrum.net,1
Jasper Newton,ornare@vitaerisusDuis.edu,1
Daniel Burnett,dictum.eu.eleifend@quisdiam.ca,1
Ivan Browning,eu.turpis@necleoMorbi.ca,1
Randall Parker,congue.In.scelerisque@lobortistellus.com,1
Chaney Jenkins,augue.eu@augueidante.ca,1
Fletcher Farmer,sagittis.semper@duisemperet.ca,1
Zephania Roman,posuere.vulputate@eu.co.uk,1
Hyatt Gibbs,aliquet.nec@dictum.org,1
Branden Morin,id.sapien.Cras@NullainterdumCurabitur.org,1
Aidan Pruitt,ultrices.posuere@congue.org,1
Dieter Byrd,mauris@malesuada.ca,1
Elton Conner,turpis.non.enim@Praesenteu.com,1
Oren Bender,erat.eget.tincidunt@loremipsumsodales.org,1
Thaddeus Gilliam,tempor@cursusInteger.com,1
Craig Juarez,ornare.lectus@viverraDonec.edu,1
Dalton Alford,vulputate.velit@sitametconsectetuer.net,1
Michael George,felis@semperNam.co.uk,1
Elvis Grant,Suspendisse@Morbimetus.ca,1
Alvin Britt,a.auctor@Ut.net,1
Oscar Thornton,elementum.purus@non.ca,1
Lev Carver,iaculis@nonlaciniaat.org,1
Nissim Haney,molestie.pharetra@quamelementumat.net,1
Garrett Pate,tellus@Integersem.edu,1
Hammett Mclaughlin,erat.eget@Sedidrisus.ca,1
Colin Zamora,ac.turpis@auctorvelit.net,1
Rahim Lester,mi@Nullatincidunt.edu,1
Driscoll Carney,iaculis@quisaccumsan.org,1
Holmes Cleveland,eget.dictum@gravidaAliquam.org,1
Byron Barr,eget.laoreet@quisdiamluctus.org,1
Malik Meyers,risus@lobortis.org,1
Hyatt Olson,ac@consectetuerrhoncus.org,1
Elvis Neal,adipiscing.lacus.Ut@liberoProinsed.com,1
Zahir Dotson,ipsum.dolor@a.net,1
Arthur Huber,Donec@urna.com,1
Nathan Diaz,Aliquam@molestieorcitincidunt.org,1
Vladimir Cabrera,Pellentesque.tincidunt.tempus@Curabiturut.org,1
Cruz Gill,ultricies@Sedmolestie.net,1
Alden Hayden,ipsum.porta@rutrumjusto.co.uk,1
Dylan George,Cras.sed.leo@fringillapurusmauris.com,1
Declan Rocha,in.faucibus.orci@facilisis.org,1
Melvin Walters,fringilla@egestas.ca,1
Stone Whitehead,Quisque.nonummy.ipsum@nunc.edu,1
Clinton Edwards,sem.magna.nec@Phasellus.com,1
Burke Spears,lobortis.nisi@consectetueradipiscingelit.edu,1
Porter Crane,aliquet@eratinconsectetuer.net,1
Perry Tran,velit@risus.edu,1
Harrison Ross,Nunc@vitaenibhDonec.com,1
Stuart Mooney,in@interdum.co.uk,1
Ishmael Park,Proin@elitpedemalesuada.net,1
Owen Mcgowan,ornare@posuereenim.edu,1
Harding Lopez,Quisque.varius.Nam@utmolestiein.ca,1
Luke Copeland,enim.Nunc@utpellentesque.edu,1
Dalton Fulton,Nullam@dignissimlacus.com,1
Wayne Herman,malesuada.fames@rutrumeu.org,1
Porter Gonzalez,ac.mi@Quisquepurussapien.ca,1
Lars Malone,est@nasceturridiculusmus.co.uk,1
Abel Horn,Mauris.molestie@pedeac.ca,1
Judah Levy,luctus@magnaCrasconvallis.net,1
Ferris Morrison,auctor.vitae@imperdietornare.net,1
Raja Stafford,tortor.dictum.eu@arcu.ca,1
Keaton Riley,Morbi.metus.Vivamus@liberoProin.net,1
Colorado Sheppard,odio@maurisSuspendisse.com,1
Levi Cleveland,eget.ipsum.Donec@risusDonec.com,1
Odysseus Dunlap,cursus@risusat.net,1
Hamilton Black,primis@vitaerisus.edu,1
Logan Garcia,interdum.enim@eu.net,1
Holmes Lane,urna@pretiumneque.com,1
David Butler,Nunc.sollicitudin.commodo@tellus.co.uk,1
Brian Martin,pellentesque.a.facilisis@nonegestas.com,1
Eaton Oneal,bibendum@magnamalesuadavel.edu,1
Jasper Cook,Proin@mi.co.uk,1
Ira Gillespie,nulla@egetmetus.org,1
Xander Herman,consectetuer@ultriciessemmagna.edu,1
Paki Hodge,vel.turpis.Aliquam@pellentesque.co.uk,1
Lee Bradshaw,mauris.rhoncus@lorem.org,1
Brody Pierce,non.vestibulum.nec@ultrices.co.uk,1
Eric Soto,Duis.dignissim@dolor.com,1
Wayne Hebert,Sed.id.risus@urnaet.edu,1
Griffith Bright,ultricies.ligula.Nullam@dolor.net,1
Moses Gallagher,dictum.Phasellus@Pellentesquehabitant.com,1
Tucker Fisher,arcu.Vestibulum@gravida.com,1
Igor Pruitt,pede.Nunc@maurissitamet.co.uk,1
Asher Rivera,id.mollis.nec@nibh.org,1
Kennan Nixon,Aenean.massa.Integer@placeratorci.ca,1
Raja Sutton,Donec.egestas.Duis@interdum.co.uk,1
Shad Gordon,porttitor@commodotinciduntnibh.ca,1
Troy Stewart,imperdiet.dictum.magna@porttitor.edu,1
Flynn Waters,vel@interdumenim.edu,1
Louis Thomas,egestas.rhoncus.Proin@elementumduiquis.com,1
Isaac Leblanc,magna.Duis.dignissim@sed.co.uk,1
Cain Herrera,malesuada@auguemalesuada.ca,1
Denton Rogers,mauris.ut@NullainterdumCurabitur.ca,1
Rooney Stewart,Donec@sit.edu,1
Aaron Ross,felis.eget@lectus.edu,1
Armando Murphy,lorem.lorem.luctus@Sedcongue.ca,1
Sean Steele,dui@Aliquamerat.org,1
Jarrod Meadows,ac.mattis.velit@tristiquesenectus.edu,1
Amos Newman,Sed.nec@gravidasagittis.co.uk,1
Lucius Stone,amet@Maecenasliberoest.com,1
Nathaniel Chang,commodo.hendrerit.Donec@Cum.co.uk,1
Gray Grant,risus@velnislQuisque.ca,1
Octavius Macias,eu@ultricies.co.uk,1
Octavius Patel,ultricies.adipiscing@eros.com,1